NO0001,张三01,23
NO0002,张三02,24
NO0003,张三03,21
NO0004,张三04,22
NO0005,张三05,23
NO0006,张三06,24
NO0007,张三07,21
NO0008,张三08,22
NO0009,张三09,23
NO0010,张三10,24
NO0011,张三11,21
NO0012,张三12,22
NO0013,张三13,23
NO0014,张三14,24
NO0015,张三15,21
NO0016,张三16,22
NO0017,张三17,25
NO0018,张三18,22
NO0019,张三19,23
NO0020,张三20,24
NO0021,张三21,21
NO0022,张三22,22
NO0023,张三23,25
NO0024,张三24,22
NO0025,张三25,23
NO0026,张三26,24
NO0027,张三27,21
NO0028,张三28,22
NO0029,张三29,25
NO0030,张三30,22
NO0031,张三31,23
NO0032,张三32,24
NO0033,张三33,21
NO0034,张三34,22
NO0035,张三35,24
NO0036,张三36,21
NO0037,张三37,22
NO0038,张三38,25
NO0039,张三39,22
NO0040,张三40,23
NO0041,张三41,24
NO0042,张三42,21
NO0043,张三43,22
NO0044,张三44,25
NO0045,张三45,22
NO0046,张三46,23
NO0047,张三47,24
NO0048,张三48,21
NO0049,张三49,22
NO0050,张三50,24
NO0051,张三51,21
NO0052,张三52,22
NO0053,张三53,25
NO0054,张三54,22
NO0055,张三55,23
NO0056,张三56,24
NO0057,张三57,21
NO0058,张三58,22
NO0059,张三59,25
NO0060,张三60,22
NO0061,张三61,23
NO0062,张三62,24
NO0063,张三63,21
NO0064,张三64,22
NO0065,张三65,24
NO0066,张三66,21
NO0067,张三67,22
NO0068,张三68,25
NO0069,张三69,22
NO0070,张三70,23
NO0071,张三71,24
NO0072,张三72,21
NO0073,张三73,22
NO0074,张三74,25
NO0075,张三75,22
NO0076,张三76,23
NO0077,张三77,24
NO0078,张三78,21
NO0079,张三79,22
NO0080,张三80,28
NO0081,张三81,22
NO0082,张三82,25
NO0083,张三83,22
NO0084,张三84,23
NO0085,张三85,24
NO0086,张三86,21
NO0087,张三87,22
NO0088,张三88,28
NO0089,张三89,22
NO0090,张三90,25
NO0091,张三91,22
NO0092,张三92,23
NO0093,张三93,24
NO0094,张三94,21
NO0095,张三95,22
NO0096,张三96,28
NO0097,张三97,22
NO0098,张三98,23
NO0099,张三99,24
NO0100,张三100,21
NO0101,张三101,22
NO0102,张三102,28
NO0103,张三103,22
NO0104,张三104,25
NO0105,张三105,22
NO0106,张三106,23
NO0107,张三107,24
NO0108,张三108,21
NO0109,张三109,22
NO0110,张三110,22
NO0111,张三111,23
NO0112,张三112,24
NO0113,张三113,21
NO0114,张三114,22
NO0115,张三115,28
NO0116,张三116,22
NO0117,张三117,25
NO0118,张三118,22
NO0119,张三119,23
NO0120,张三120,24
NO0121,张三121,21
NO0122,张三122,22
NO0123,张三123,22
NO0124,张三124,23
NO0125,张三125,24
NO0126,张三126,21
NO0127,张三127,22
NO0128,张三128,22
NO0129,张三129,23
NO0130,张三130,24
NO0131,张三131,21
NO0132,张三132,22
NO0133,张三133,28
NO0134,张三134,22
NO0135,张三135,22
NO0136,张三136,23
NO0137,张三137,24
NO0138,张三138,21
NO0139,张三139,22
NO0140,张三140,22
NO0141,张三141,23
NO0142,张三142,24
NO0143,张三143,21
NO0144,张三144,22
NO0145,张三145,28
NO0146,张三146,22
NO0147,张三147,24
NO0148,张三148,21
NO0149,张三149,22
NO0150,张三150,28
NO0151,张三151,22
NO0152,张三152,25
NO0153,张三153,22
NO0154,张三154,23
NO0155,张三155,24
NO0156,张三156,21
NO0157,张三157,22
NO0158,张三158,22
NO0159,张三159,23
NO0160,张三160,24
NO0161,张三161,21
NO0162,张三162,22
NO0163,张三163,22
NO0164,张三164,23
NO0165,张三165,24
NO0166,张三166,21
NO0167,张三167,22
NO0168,张三168,28
NO0169,张三169,22
NO0170,张三170,22
NO0171,张三171,23
NO0172,张三172,24
NO0173,张三173,21
NO0174,张三174,22
NO0175,张三175,22
NO0176,张三176,23
NO0177,张三177,24
NO0178,张三178,21
NO0179,张三179,22
NO0180,张三180,24
NO0181,张三181,21
NO0182,张三182,22
NO0183,张三183,28
NO0184,张三184,22
NO0185,张三185,25
NO0186,张三186,22
NO0187,张三187,23
NO0188,张三188,24
NO0189,张三189,21
NO0190,张三190,22
NO0191,张三191,22
NO0192,张三192,23
NO0193,张三193,24
NO0194,张三194,21
NO0195,张三195,22
NO0196,张三196,22
NO0197,张三197,23
NO0198,张三198,24
NO0199,张三199,21
NO0200,张三200,22
NO0201,张三201,28
NO0202,张三202,22
NO0203,张三203,22
NO0204,张三204,23
NO0205,张三205,24
NO0206,张三206,21
NO0207,张三207,22
NO0208,张三208,22
NO0209,张三209,23
NO0210,张三210,24
NO0211,张三211,21
NO0212,张三212,22
NO0213,张三213,24
NO0214,张三214,21
NO0215,张三215,22
NO0216,张三216,28
NO0217,张三217,22
NO0218,张三218,25
NO0219,张三219,22
NO0220,张三220,23
NO0221,张三221,24
NO0222,张三222,21
NO0223,张三223,22
NO0224,张三224,22
NO0225,张三225,23
NO0226,张三226,24
NO0227,张三227,21
NO0228,张三228,22
NO0229,张三229,22
NO0230,张三230,23
NO0231,张三231,24
NO0232,张三232,21
NO0233,张三233,22
NO0234,张三234,28
NO0235,张三235,22
NO0236,张三236,22
NO0237,张三237,23
NO0238,张三238,24
NO0239,张三239,21
NO0240,张三240,22
NO0241,张三241,22
NO0242,张三242,23
NO0243,张三243,24
NO0244,张三244,21
NO0245,张三245,22
NO0246,张三246,24
NO0247,张三247,21
NO0248,张三248,22
NO0249,张三249,28
NO0250,张三250,22
NO0251,张三251,25
NO0252,张三252,22
NO0253,张三253,23
NO0254,张三254,24
NO0255,张三255,21
NO0256,张三256,22
NO0257,张三257,22
NO0258,张三258,23
NO0259,张三259,24
NO0260,张三260,21
NO0261,张三261,22
NO0262,张三262,22
NO0263,张三263,23
NO0264,张三264,24
NO0265,张三265,21
NO0266,张三266,22
NO0267,张三267,28
NO0268,张三268,22
NO0269,张三269,22
NO0270,张三270,23
NO0271,张三271,24
NO0272,张三272,21
NO0273,张三273,22
NO0274,张三274,22
NO0275,张三275,23
NO0276,张三276,24
NO0277,张三277,21
NO0278,张三278,22
NO0279,张三279,24
NO0280,张三280,21
NO0281,张三281,22
NO0282,张三282,28
NO0283,张三283,22
NO0284,张三284,25
NO0285,张三285,22
NO0286,张三286,23
NO0287,张三287,24
NO0288,张三288,21
NO0289,张三289,22
NO0290,张三290,22
NO0291,张三291,23
NO0292,张三292,24
NO0293,张三293,21
NO0294,张三294,22
NO0295,张三295,22
NO0296,张三296,23
NO0297,张三297,24
NO0298,张三298,21
NO0299,张三299,22
NO0300,张三300,28
NO0301,张三301,22
NO0302,张三302,22
NO0303,张三303,23
NO0304,张三304,24
NO0305,张三305,21
NO0306,张三306,22
NO0307,张三307,22
NO0308,张三308,23
NO0309,张三309,24
NO0310,张三310,21
NO0311,张三311,22
NO0312,张三312,24
NO0313,张三313,21
NO0314,张三314,22
NO0315,张三315,28
NO0316,张三316,22
NO0317,张三317,25
NO0318,张三318,22
NO0319,张三319,23
NO0320,张三320,24
NO0321,张三321,21
NO0322,张三322,22
NO0323,张三323,22
NO0324,张三324,23
NO0325,张三325,24
NO0326,张三326,21
NO0327,张三327,22
NO0328,张三328,22
NO0329,张三329,23
NO0330,张三330,24
NO0331,张三331,21
NO0332,张三332,22
NO0333,张三333,28
NO0334,张三334,22
NO0335,张三335,22
NO0336,张三336,23
NO0337,张三337,24
NO0338,张三338,21
NO0339,张三339,22
NO0340,张三340,22
NO0341,张三341,23
NO0342,张三342,24
NO0343,张三343,21
NO0344,张三344,22
NO0345,张三345,24
NO0346,张三346,21
NO0347,张三347,22
NO0348,张三348,28
NO0349,张三349,22
NO0350,张三350,25
NO0351,张三351,22
NO0352,张三352,23
NO0353,张三353,24
NO0354,张三354,21
NO0355,张三355,22
NO0356,张三356,22
NO0357,张三357,23
NO0358,张三358,24
NO0359,张三359,21
NO0360,张三360,22
NO0361,张三361,22
NO0362,张三362,23
NO0363,张三363,24
NO0364,张三364,21
NO0365,张三365,22
NO0366,张三366,28
NO0367,张三367,22
NO0368,张三368,22
NO0369,张三369,23
NO0370,张三370,24
NO0371,张三371,21
NO0372,张三372,22
NO0373,张三373,22
NO0374,张三374,23
NO0375,张三375,24
NO0376,张三376,21
NO0377,张三377,22
NO0378,张三378,24
NO0379,张三379,21
NO0380,张三380,22
NO0381,张三381,28
NO0382,张三382,22
NO0383,张三383,25
NO0384,张三384,22
NO0385,张三385,23
NO0386,张三386,24
NO0387,张三387,21
NO0388,张三388,22
NO0389,张三389,22
NO0390,张三390,23
NO0391,张三391,24
NO0392,张三392,21
NO0393,张三393,22
NO0394,张三394,22
NO0395,张三395,23
NO0396,张三396,24
NO0397,张三397,21
NO0398,张三398,22
NO0399,张三399,28
NO0400,张三400,22
NO0401,张三401,22
NO0402,张三402,23
NO0403,张三403,24
NO0404,张三404,21
NO0405,张三405,22
NO0406,张三406,22
NO0407,张三407,23
NO0408,张三408,24
NO0409,张三409,21
NO0410,张三410,22
NO0411,张三411,24
NO0412,张三412,21
NO0413,张三413,22
NO0414,张三414,24
NO0415,张三415,21
NO0416,张三416,22
NO0417,张三417,24
NO0418,张三418,21
NO0419,张三419,22
NO0420,张三420,22
###